ID,NVictimas,Anio,Mes,Hora,TipoCalle,Calle,Comuna,pos x,pos y,Victima,Acusado
2016-0001,1,2016,1,4,avenida,piedra buena av.,8,-58.47533969,-34.68757022,moto,auto
2016-0002,1,2016,1,1,gral paz,"paz, gral. av.",9,-58.50877521,-34.66977709,auto,autobus
2016-0003,1,2016,1,7,avenida,entre rios av.,1,-58.39040293,-34.63189362,moto,auto
2016-0005,1,2016,1,5,avenida,san juan av.,1,-58.38718297,-34.62246630,moto,autobus
2016-0008,1,2016,1,18,avenida,27 de febrero av.,8,-58.44451316,-34.68475866,moto,objeto fijo
2016-0009,1,2016,1,19,calle,nogoya,11,-58.50095869,-34.60825440,moto,auto
2016-0010,1,2016,1,15,gral paz,"paz, gral. av.",9,-58.50877521,-34.66977709,moto,auto
2016-0012,1,2016,2,1,avenida,belgrano av.,1,-58.38048577,-34.61303893,moto,de_carga
2016-0013,1,2016,2,11,avenida,entre rios av.,1,-58.39114932,-34.62477387,peaton,auto
2016-0015,1,2016,2,5,avenida,"scalabrini ortiz, raul av.",15,-58.43760020,-34.59912758,peaton,auto
2016-0016,1,2016,2,22,avenida,regimiento de patricios av.,4,-58.36882665,-34.64291993,moto,auto
2016-0017,1,2016,2,16,avenida,"acosta, mariano av.",8,-58.44989671,-34.65970435,peaton,moto
2016-0019,1,2016,2,9,calle,"de la torre, lisandro",9,-58.50990884,-34.65468721,peaton,autobus
2016-0020,1,2016,2,16,calle,suipacha,1,-58.37952223,-34.60653282,peaton,auto
2016-0021,1,2016,2,23,avenida,directorio av.,7,-58.45157703,-34.63063795,auto,auto
2016-0022,1,2016,2,6,avenida,9 de julio av.,1,-58.38144696,-34.61079875,moto,auto
2016-0025,1,2016,2,4,gral paz,"paz, gral. av.",8,-58.46244952,-34.70524971,auto,auto
2016-0026,1,2016,2,7,calle,holmberg,12,-58.49216191,-34.54738649,auto,objeto fijo
2016-0027,1,2016,2,9,avenida,curapaligue av.,7,-58.44497874,-34.63852623,auto,auto
2016-0028,1,2016,3,10,avenida,viamonte,1,-58.38199706,-34.60028648,peaton,de_carga
2016-0029,1,2016,3,17,avenida,cabildo av.,12,-58.47378664,-34.54153077,peaton,autobus
2016-0031,1,2016,3,12,gral paz,"paz, gral. av.",8,-58.47064556,-34.69843756,moto,autobus
2016-0034,1,2016,3,12,avenida,"alcorta, amancio av.",4,-58.40623949,-34.65076549,peaton,autobus
2016-0035,1,2016,3,6,avenida,corrientes av.,3,-58.39228965,-34.60443527,moto,autobus
2016-0036,1,2016,3,0,calle,herrera,4,-58.37813396,-34.63668504,moto,autobus
2016-0037,1,2016,3,11,avenida,lafuente av.,7,-58.46275892,-34.64358293,moto,moto
2016-0038,1,2016,3,8,gral paz,"paz, gral. av.",8,-58.49683458,-34.67892743,peaton,autobus
2016-0039,1,2016,3,1,avenida,"mitre, bartolome",3,-58.40603217,-34.60883960,moto,autobus
2016-0041,2,2016,3,11,avenida,directorio av.,7,-58.46076550,-34.63350444,moto,de_carga
2016-0043,1,2016,3,18,avenida,"dellepiane, luis, tte. gral.",8,-58.47832463,-34.67494416,peaton,de_carga
2016-0044,1,2016,3,19,avenida,"moreno, jose maria av.",7,-58.43213235,-34.63693953,moto,multiple
2016-0047,1,2016,4,5,calle,lima,1,-58.38247061,-34.62571878,peaton,autobus
2016-0048,1,2016,4,17,avenida,corrientes av.,15,-58.44759966,-34.59170240,peaton,autobus
2016-0050,1,2016,4,9,avenida,"gordillo, timoteo",8,-58.47305463,-34.68550712,peaton,autobus
2016-0051,1,2016,4,4,avenida,"alcorta, amancio av.",4,-58.40623949,-34.65076549,moto,de_carga
2016-0053,1,2016,4,9,avenida,triunvirato av.,12,-58.48429180,-34.57558053,peaton,autobus
2016-0054,1,2016,4,21,autopista,autopista dellepiane luis tte. gral.,8,-58.48695354,-34.68795245,moto,moto
2016-0055,1,2016,4,20,avenida,"castilla, ramon, mariscal",14,-58.40021959,-34.57964781,peaton,de_carga
2016-0056,1,2016,4,4,avenida,"campos, luis m. av.",14,-58.42957885,-34.57660058,moto,objeto fijo
2016-0058,1,2016,5,14,calle,lima,1,-58.38247542,-34.62556293,peaton,moto
2016-0059,1,2016,5,16,calle,ciudadela,1,-58.38222219,-34.62728101,peaton,autobus
2016-0064,1,2016,5,18,avenida,"justo, juan b. av.",10,-58.49485242,-34.62953445,peaton,autobus
2016-0065,1,2016,5,14,avenida,gaona av.,6,-58.45227946,-34.61068024,peaton,auto
2016-0067,1,2016,5,17,avenida,"de la torre, lisandro",8,-58.48455411,-34.67512760,moto,autobus
2016-0068,1,2016,5,22,avenida,"figueroa alcorta, pres. av.",2,-58.39056593,-34.58418569,moto,autobus
2016-0069,1,2016,5,3,avenida,entre rios av.,3,-58.39118948,-34.62704273,auto,de_carga
2016-0073,1,2016,6,15,calle,"magariños cervantes, a.",10,-58.49021952,-34.62025108,moto,de_carga
2016-0074,1,2016,6,6,gral paz,"paz, gral. av.",8,-58.49896559,-34.67732118,auto,auto
2016-0075,1,2016,6,23,autopista,autopista dellepiane luis tte. gral.,8,-58.47461076,-34.66874679,peaton,auto
2016-0076,1,2016,6,16,avenida,san martin av.,15,-58.46210891,-34.60356211,peaton,autobus
2016-0077,1,2016,6,21,avenida,"peron, juan domingo, tte. general",1,-58.37027770,-34.60536123,peaton,autobus
2016-0078,1,2016,6,23,avenida,belgrano av.,3,-58.40491455,-34.61463830,moto,moto
2016-0079,1,2016,6,17,avenida,del libertador av.,13,-58.45504154,-34.54864492,auto,auto
2016-0081,1,2016,6,7,avenida,"larralde, crisologo av.",12,-58.48721060,-34.55904606,moto,auto
2016-0082,1,2016,6,18,avenida,la plata av.,4,-58.42273092,-34.64228803,peaton,auto
2016-0083,1,2016,6,20,avenida,"alberdi, juan bautista av.",6,-58.44788671,-34.62539009,peaton,moto
2016-0084,1,2016,6,22,calle,"pellegrini, carlos",1,-58.38110563,-34.60135531,peaton,autobus
2016-0085,1,2016,6,22,avenida,"rabanal, francisco, intendente av.",4,-58.42378834,-34.65734100,moto,emergencias
2016-0086,1,2016,6,16,avenida,olivera av.,10,-58.48727942,-34.63652467,peaton,autobus
2016-0087,1,2016,7,0,autopista,autopista 1 sur presidente arturo frondizi,1,-58.37864583,-34.62907067,moto,objeto fijo
2016-0088,1,2016,7,15,calle,ceretti,12,-58.50151750,-34.56767549,peaton,auto
2016-0089,1,2016,7,6,autopista,"lugones, leopoldo av.",13,-58.43233425,-34.55185825,peaton,auto
2016-0090,1,2016,7,22,avenida,"salguero, jeronimo",5,-58.41971993,-34.61112240,peaton,autobus
2016-0092,1,2016,7,11,gral paz,"paz, gral. av.",13,-58.46743471,-34.53476874,moto,de_carga
2016-0093,1,2016,7,3,avenida,"alberdi, juan bautista av.",6,-58.44362126,-34.62301748,auto,auto
2016-0095,1,2016,7,6,avenida,mercedes,11,-58.51713095,-34.59546519,moto,auto
2016-0096,1,2016,7,7,autopista,autopista dellepiane luis tte. gral.,8,-58.47433193007387,-34.66684950051973,moto,de_carga
2016-0097,1,2016,7,18,calle,solis,1,-58.39038605,-34.61562810,peaton,auto
2016-0098,1,2016,7,16,avenida,san juan av.,3,-58.40042405,-34.62356174,moto,de_carga
2016-0099,1,2016,7,16,gral paz,mosconi general av.,11,-58.52340614,-34.59798754,de_carga,de_carga
2016-0100,1,2016,8,23,gral paz,"paz, gral. av.",12,-58.49491054,-34.54795581,moto,objeto fijo
2016-0102,1,2016,8,23,avenida,"peron, eva av.",9,-58.50011639,-34.67316502,moto,de_carga
2016-0104,1,2016,8,21,avenida,zinny,9,-58.46635001,-34.65624369,moto,autobus
2016-0105,1,2016,8,0,avenida,"lacroze, federico av.",15,-58.45343236,-34.58435809,peaton,autobus
2016-0106,1,2016,8,21,avenida,"pellegrini, carlos",1,-58.38090932,-34.58927731,peaton,autobus
2016-0107,1,2016,8,8,autopista,autopista 1 sur presidente arturo frondizi,4,-58.37157668,-34.65429986,moto,auto
2016-0109,1,2016,8,5,autopista,autopista perito moreno,9,-58.52280139,-34.63659934,auto,objeto fijo
2016-0111,1,2016,8,9,autopista,lugones,15,-58.47461905,-34.57663634,moto,de_carga
2016-0112,1,2016,8,4,autopista,autopista 25 de mayo,1,-58.38268809,-34.62282019,moto,objeto fijo
2016-0113,1,2016,8,16,avenida,"alberdi, juan bautista av.",9,-58.49603546,-34.64564271,peaton,autobus
2016-0114,1,2016,8,11,calle,"salguero, jeronimo",14,-58.41848605,-34.59394733,bicicleta,de_carga
2016-0116,1,2016,9,20,avenida,27 de febrero av.,8,-58.44451316,-34.68475866,moto,auto
2016-0117,1,2016,9,15,avenida,del libertador av.,14,-58.39936478,-34.58271474,auto,auto
2016-0118,1,2016,9,3,autopista,autopista 1 sur presidente arturo frondizi,1,-58.37936704,-34.62694503,auto,auto
2016-0122,1,2016,9,7,avenida,"peron, eva av.",9,-58.47256391,-34.65194557,bicicleta,autobus
2016-0123,1,2016,9,9,avenida,asamblea av.,7,-58.45130953,-34.64053676,moto,auto
2016-0124,1,2016,9,15,avenida,rivadavia av.,7,-58.46271207,-34.62884871,peaton,autobus
2016-0125,1,2016,9,12,autopista,autopista perito moreno,10,-58.49020869,-34.64243791,moto,moto
2016-0126,2,2016,9,22,calle,irigoyen,10,-58.52572109,-34.62125906,auto,de_carga
2016-0127,1,2016,9,10,avenida,"acosta, mariano av.",8,-58.44094791,-34.66677111,peaton,autobus
2016-0128,1,2016,10,11,avenida,castro,5,-58.41914024,-34.63053890,peaton,autobus
2016-0130,1,2016,10,12,autopista,autopista 1 sur presidente arturo frondizi,1,-58.37910942,-34.62764717,moto,de_carga
2016-0131,1,2016,10,19,calle,mirave,4,-58.39871183,-34.64539318,peaton,auto
2016-0132,1,2016,10,2,avenida,san juan av.,3,-58.41036975,-34.62477021,auto,autobus
2016-0133,1,2016,10,0,avenida,las heras general av.,14,-58.40204698,-34.58342690,moto,auto
2016-0134,1,2016,10,5,avenida,piedra buena av.,8,-58.48935287,-34.67648597,moto,objeto fijo
2016-0137,1,2016,10,0,avenida,san martin av.,11,-58.51537091,-34.59035925,moto,moto
2016-0138,1,2016,10,20,avenida,cabildo av.,13,-58.45909670,-34.55922742,bicicleta,de_carga
2016-0139,1,2016,10,23,avenida,"figueroa alcorta, pres. av.",14,-58.42008769,-34.56539579,moto,moto
2016-0140,1,2016,10,2,avenida,juramento av.,13,-58.45566399,-34.56147293,autobus,autobus
2016-0142,1,2016,11,23,avenida,del libertador av.,1,-58.37533517,-34.59276462,moto,autobus
2016-0144,1,2016,11,12,avenida,"brown, alte. av.",4,-58.35975012,-34.63343907,peaton,autobus
2016-0145,1,2016,11,20,avenida,del libertador av.,13,-58.44523595,-34.55953855,moto,auto
2016-0146,1,2016,11,20,avenida,pichincha av.,4,-58.39626094,-34.63036565,peaton,autobus
2016-0147,1,2016,11,21,avenida,independencia av.,1,-58.38896772,-34.61799615,emergencias,autobus
2016-0148,1,2016,11,22,avenida,garmendia av.,15,-58.46536113,-34.59484504,moto,moto
2016-0150,1,2016,11,18,avenida,"alcorta, amancio av.",4,-58.40879146,-34.65273216,de_carga,de_carga
2016-0152,1,2016,11,21,avenida,"moreno, perito av.",7,-58.46451841,-34.64991946,moto,auto
2016-0153,1,2016,11,15,avenida,araoz,15,-58.42917090,-34.59485488,peaton,moto
2016-0154,1,2016,11,14,gral paz,"paz, gral. av.",8,-58.49007772,-34.68251141,moto,moto
2016-0155,1,2016,11,16,calle,madero,10,-58.52756365,-34.62772274,peaton,auto
2016-0156,1,2016,11,19,avenida,independencia av.,3,-58.40638983,-34.61943202,moto,autobus
2016-0157,1,2016,12,6,avenida,"justo, juan b. av.",11,-58.47576807,-34.61740997,moto,moto
2016-0160,1,2016,12,5,autopista,autopista perito moreno,9,-58.51927194,-34.63635787,de_carga,objeto fijo
2016-0161,1,2016,12,7,avenida,santa fe av.,14,-58.42525456,-34.57866344,peaton,autobus
2016-0162,1,2016,12,5,avenida,"lacroze, federico av.",15,-58.45396573,-34.58518167,peaton,auto
2016-0163,1,2016,12,7,gral paz,"paz, gral. av.",11,-58.52340614,-34.59798754,moto,auto
2016-0164,1,2016,12,6,avenida,la plata av.,4,-58.42323628,-34.64119105,auto,auto
2016-0165,1,2016,12,8,avenida,"garcia, martin av.",4,-58.36926144,-34.62841919,bicicleta,autobus
2016-0168,1,2016,12,10,avenida,la plata av.,4,-58.42323628,-34.64119105,moto,auto
2016-0169,1,2016,12,15,avenida,nuñez,12,-58.47935434,-34.55676497,moto,autobus
2016-0170,1,2016,12,17,gral paz,"paz, gral. av.",12,-58.50598256,-34.56379980,moto,auto
2016-0171,1,2016,12,19,autopista,"huergo, ing. av.",1,-58.36607137,-34.62150748,moto,moto
2016-0172,1,2016,12,8,avenida,"garay, juan de av.",5,-58.41918902,-34.63174259,moto,de_carga
2016-0173,1,2016,12,19,avenida,directorio av.,7,-58.46749188,-34.63551751,moto,de_carga
2016-0175,1,2016,12,8,calle,"falcon, ramon l.,cnel.",7,-58.46064174,-34.62960517,peaton,bicicleta
2016-0176,1,2016,12,1,avenida,belgrano av.,1,-58.36956186,-34.61232875,moto,autobus
2016-0177,1,2016,12,4,calle,arenales,14,-58.40966671,-34.58788235,peaton,auto
2016-0178,1,2016,12,16,calle,republica bolivariana de venezuela,3,-58.40288226,-34.61544091,peaton,multiple
2017-0001,1,2017,1,1,avenida,"justo, juan b. av.",11,-58.46594230,-34.61028571,moto,de_carga
2017-0003,1,2017,1,3,avenida,olavarria,4,-58.38957669,-34.64410277,de_carga,de_carga
2017-0007,1,2017,1,17,calle,lima,1,-58.38161660,-34.61529543,peaton,multiple
2017-0008,1,2017,1,0,calle,"cabrera, jose a.",14,-58.43917004,-34.58494351,moto,autobus
2017-0009,1,2017,1,13,autopista,autopista 25 de mayo,5,-58.41595919,-34.62743346,moto,de_carga
2017-0010,1,2017,1,16,avenida,directorio av.,6,-58.43564880,-34.62828656,moto,auto
2017-0011,1,2017,1,2,gral paz,"paz, gral. av.",12,-58.50073810,-34.54979510,moto,objeto fijo
2017-0012,1,2017,1,14,calle,traful,4,-58.40969005,-34.65055290,moto,de_carga
2017-0013,1,2017,1,7,avenida,"iriarte, gral. av.",4,-58.38972622,-34.65098981,peaton,de_carga
2017-0014,1,2017,1,8,avenida,donado,12,-58.49185972,-34.55046754,moto,multiple
2017-0015,1,2017,2,15,avenida,cordoba av.,2,-58.39293417,-34.59963642,peaton,auto
2017-0016,1,2017,2,5,autopista,autopista 25 de mayo,1,-58.38099494,-34.62288231,moto,de_carga
2017-0017,1,2017,2,8,avenida,"justo, juan b. av.",14,-58.42901200,-34.58095431,moto,auto
2017-0018,1,2017,2,7,gral paz,"paz, gral. av.",9,-58.50877521,-34.66977709,moto,auto
2017-0021,1,2017,2,5,calle,sarmiento,1,-58.38362373,-34.60509972,moto,autobus
2017-0024,1,2017,2,20,avenida,rivadavia av.,7,-58.46589308,-34.62955795,peaton,autobus
2017-0026,2,2017,2,5,avenida,"moreno, perito av.",4,-58.41842777,-34.64979057,auto,objeto fijo
2017-0027,1,2017,2,21,avenida,caseros av.,1,-58.38332245,-34.63193250,peaton,auto
2017-0028,1,2017,2,9,avenida,gaona av.,6,-58.45475488,-34.61196327,peaton,auto
2017-0030,1,2017,3,8,avenida,mozart,9,-58.47010988,-34.65872088,auto,autobus
2017-0031,1,2017,3,1,calle,24 de noviembre,3,-58.40997560,-34.62873635,auto,objeto fijo
2017-0032,1,2017,3,5,gral paz,"paz, gral. av.",8,-58.48892175,-34.68359163,auto,auto
2017-0033,1,2017,3,7,gral paz,"paz, gral. av.",11,-58.52466448,-34.60325478,auto,auto
2017-0034,1,2017,3,7,calle,godoy cruz,14,-58.42554218,-34.57929036,peaton,auto
2017-0035,3,2017,3,5,avenida,"achaval rodriguez, t., dr. av.",1,-58.35881506,-34.61113641,auto,objeto fijo
2017-0036,2,2017,3,18,gral paz,"paz, gral. av.",12,-58.51452347,-34.58159762,moto,autobus
2017-0037,1,2017,3,3,avenida,independencia av.,1,-58.38896772,-34.61799615,moto,de_carga
2017-0038,1,2017,4,19,avenida,castañares av.,7,-58.44516857,-34.64363363,moto,auto
2017-0040,1,2017,4,9,avenida,"guiraldes, int.",13,-58.43834197,-34.54560369,auto,multiple
2017-0041,1,2017,4,23,calle,"fernandez moreno, baldomero",7,-58.45485084,-34.63531854,moto,auto
2017-0045,1,2017,4,6,calle,nogoya,10,-58.52449285,-34.62454175,moto,objeto fijo
2017-0047,1,2017,4,6,avenida,argentina av.,8,-58.46713742,-34.67198790,moto,auto
2017-0049,1,2017,4,18,avenida,"fernandez de la cruz, f., gral. av.",8,-58.43850413,-34.65554754,peaton,autobus
2017-0052,1,2017,5,3,gral paz,"paz, gral. av.",8,-58.49413799,-34.68095739,peaton,de_carga
2017-0053,1,2017,5,20,calle,vieytes,4,-58.37547846,-34.65326075,moto,de_carga
2017-0054,1,2017,5,21,avenida,de los constituyentes av.,15,-58.48680218,-34.58689719,moto,auto
2017-0055,1,2017,5,8,avenida,de los constituyentes av.,12,-58.49563989,-34.57962262,auto,auto
2017-0058,1,2017,5,23,avenida,cordoba av.,1,-58.38403232,-34.59915940,peaton,moto
2017-0059,1,2017,5,9,calle,brasil,1,-58.38223382,-34.62693865,peaton,autobus
2017-0060,1,2017,5,7,avenida,escalada av.,8,-58.45966521,-34.67323292,moto,objeto fijo
2017-0061,1,2017,5,13,avenida,paraguay,2,-58.39303911,-34.59871111,peaton,moto
2017-0062,1,2017,5,16,avenida,"justo, juan b. av.",10,-58.51262106,-34.63395999,moto,de_carga
2017-0063,1,2017,5,10,avenida,chile,1,-58.38118367,-34.61646839,peaton,autobus
2017-0064,1,2017,5,5,calle,maipu,1,-58.37653284,-34.60582475,de_carga,auto
2017-0065,1,2017,5,16,avenida,suarez av.,4,-58.37709334,-34.64035082,bicicleta,de_carga
2017-0066,1,2017,5,18,avenida,san martin av.,15,-58.46002142,-34.60409469,peaton,autobus
2017-0067,1,2017,5,2,avenida,directorio av.,6,-58.43381970,-34.62801894,moto,de_carga
2017-0068,1,2017,5,19,avenida,"rabanal, francisco, intendente av.",8,-58.43580656,-34.66437532,moto,objeto fijo
2017-0070,1,2017,5,13,calle,nueva york,11,-58.50791763,-34.59804273,peaton,auto
2017-0072,1,2017,6,23,avenida,de los constituyentes av.,12,-58.49175088,-34.58226957,auto,auto
2017-0073,1,2017,6,9,avenida,corrientes av.,3,-58.40781467,-34.60425669,moto,auto
2017-0075,1,2017,6,22,avenida,de mayo av.,1,-58.38154200,-34.60906385,peaton,moto
2017-0076,1,2017,6,14,avenida,"castillo, ramon s., pres. av.",2,-58.38526125,-34.57805810,peaton,de_carga
2017-0077,1,2017,6,23,calle,fray justo santamaria de oro,14,-58.42934104,-34.58451712,moto,de_carga
2017-0079,1,2017,6,16,calle,mexico,3,-58.40657493,-34.61781124,moto,de_carga
2017-0080,1,2017,6,10,avenida,"alberdi, juan bautista av.",9,-58.49525314,-34.64487785,peaton,de_carga
2017-0082,1,2017,6,22,avenida,entre rios av.,4,-58.39092851,-34.62932696,peaton,auto
2017-0083,1,2017,7,0,avenida,"alberdi, juan bautista av.",9,-58.49603546,-34.64564271,moto,de_carga
2017-0084,1,2017,7,12,avenida,del libertador av.,2,-58.38502878,-34.58703485,peaton,autobus
2017-0085,1,2017,7,14,avenida,tacuari,4,-58.37261143,-34.63150425,peaton,autobus
2017-0086,1,2017,7,7,avenida,rivadavia av.,9,-58.51876802,-34.63905965,peaton,moto
2017-0087,1,2017,7,10,calle,24 de noviembre,3,-58.41095567,-34.61516101,peaton,auto
2017-0088,1,2017,7,22,avenida,paseo colon av.,1,-58.36797542,-34.62519403,peaton,autobus
2017-0090,1,2017,7,5,gral paz,chivilcoy av.,11,-58.51925642,-34.59171721,peaton,auto
2017-0092,1,2017,7,22,autopista,autopista 25 de mayo,1,-58.38268809,-34.62282019,peaton,auto
2017-0093,1,2017,7,16,autopista,"lugones, leopoldo av.",13,-58.43633522,-34.54966288,peaton,auto
2017-0094,1,2017,7,8,calle,"hugo, victor",10,-58.52640838,-34.61765855,bicicleta,de_carga
2017-0095,1,2017,8,8,avenida,cordoba av.,14,-58.41894306,-34.59778875,moto,auto
2017-0096,1,2017,8,19,avenida,cabildo av.,13,-58.46756026,-34.54972741,peaton,autobus
2017-0098,1,2017,8,12,calle,"bonifacio, jose",7,-58.45715752,-34.63132912,peaton,auto
2017-0099,1,2017,8,19,avenida,"figueroa alcorta, pres. av.",14,-58.42406784,-34.56213916,bicicleta,auto
2017-0100,1,2017,8,7,calle,republica bolivariana de venezuela,3,-58.39674470,-34.61512051,moto,objeto fijo
2017-0101,1,2017,8,10,avenida,"lacroze, federico av.",13,-58.44537508,-34.57084818,peaton,multiple
2017-0102,1,2017,8,1,avenida,"iriarte, gral. av.",4,-58.40056767,-34.65107080,peaton,de_carga
2017-0104,1,2017,8,9,avenida,9 de julio av.,1,-58.38109568,-34.61853244,peaton,de_carga
2017-0106,1,2017,8,19,calle,fray justo santamaria de oro,14,-58.42533612,-34.58035258,peaton,autobus
2017-0107,1,2017,9,11,avenida,del libertador av.,13,-58.46062311,-34.54395182,moto,de_carga
2017-0108,2,2017,9,4,gral paz,"paz, gral. av.",12,-58.49491054,-34.54795581,objeto fijo,auto
2017-0109,1,2017,9,21,avenida,directorio av.,7,-58.47130269,-34.63665402,moto,auto
2017-0110,1,2017,9,14,avenida,lavalle,1,-58.37048800,-34.60189492,peaton,autobus
2017-0111,1,2017,9,18,calle,uspallata,4,-58.42023854,-34.64234110,peaton,de_carga
2017-0112,2,2017,9,9,autopista,autopista 25 de mayo,7,-58.45807401,-34.63997430,auto,objeto fijo
2017-0113,1,2017,9,6,avenida,santa fe av.,1,-58.37697717,-34.59573848,peaton,autobus
2017-0114,1,2017,9,2,avenida,alvear av.,2,-58.39100580,-34.58498660,auto,objeto fijo
2017-0115,1,2017,9,18,avenida,pavon av.,5,-58.42182126,-34.63089661,moto,bicicleta
2017-0116,1,2017,9,22,gral paz,"paz, gral. av.",12,-58.51389422,-34.58075791,moto,objeto fijo
2017-0118,1,2017,9,7,avenida,vieytes,4,-58.37585415,-34.65232158,moto,auto
2017-0120,1,2017,10,15,autopista,autopista dellepiane luis tte. gral.,9,-58.47297505,-34.66245085,moto,de_carga
2017-0123,1,2017,10,1,avenida,albariño,8,-58.46855503,-34.67216349,peaton,auto
2017-0124,1,2017,10,14,calle,"ramirez de velasco, juan",15,-58.44254033,-34.59185043,moto,autobus
2017-0125,1,2017,10,6,avenida,"fernandez de la cruz, f., gral. av.",8,-58.46622247,-34.67926929,moto,objeto fijo
2017-0126,2,2017,10,6,avenida,riestra av.,8,-58.48003734,-34.68148508,auto,objeto fijo
2017-0127,1,2017,10,7,avenida,gallo,2,-58.41192137,-34.59800248,moto,moto
2017-0128,1,2017,10,12,calle,"aranguren, juan f., dr.",6,-58.44034689,-34.61349731,peaton,autobus
2017-0129,1,2017,10,19,autopista,autopista perito moreno,9,-58.47155277,-34.64925746,moto,autobus
2017-0130,1,2017,10,5,avenida,chorroarin,15,-58.47883099,-34.59967065,auto,de_carga
2017-0132,1,2017,10,14,avenida,cosquin,8,-58.46552171,-34.69374130,moto,autobus
2017-0134,1,2017,11,18,avenida,"roca, cnel. av.",8,-58.44239720,-34.66777987,peaton,autobus
2017-0135,1,2017,11,12,avenida,warnes av.,15,-58.47032551,-34.59626814,moto,de_carga
2017-0136,1,2017,11,8,avenida,barco centenera del,4,-58.41827843,-34.65522746,peaton,autobus
2017-0137,1,2017,11,11,avenida,mosconi general av.,11,-58.51280715,-34.59279388,peaton,de_carga
2017-0138,1,2017,11,10,avenida,lafuente av.,7,-58.46258582,-34.64385704,moto,objeto fijo
2017-0139,1,2017,11,22,avenida,"roca, cnel. av.",8,-58.45064148,-34.68003614,auto,objeto fijo
2017-0141,1,2017,11,19,avenida,la plata av.,6,-58.42717783,-34.62513374,peaton,autobus
2017-0143,1,2017,11,21,calle,"trelles, manuel r.",11,-58.46442001,-34.60724519,auto,autobus
2017-0144,1,2017,11,6,gral paz,"roca, cnel. av.",8,-58.47064556,-34.69843756,auto,objeto fijo
2017-0145,1,2017,11,17,calle,maza,5,-58.41677733,-34.61223119,moto,auto
2017-0147,1,2017,11,11,gral paz,"paz, gral. av.",9,-58.50251790,-34.67450313,moto,auto
2017-0148,1,2017,11,10,avenida,san juan av.,3,-58.40708125,-34.62438894,peaton,autobus
2017-0149,1,2017,11,12,avenida,paseo colon av.,1,-58.36947198,-34.61477051,peaton,autobus
2017-0150,1,2017,12,1,avenida,rivadavia av.,9,-58.51140889,-34.63934531,peaton,auto
2017-0151,1,2017,12,2,calle,vieytes,4,-58.37460912,-34.65559133,peaton,autobus
2017-0152,1,2017,12,17,calle,cachi,4,-58.41146277,-34.65073916,bicicleta,autobus
2017-0153,2,2017,12,2,avenida,rosario,6,-58.42855267,-34.61829385,moto,autobus
2017-0154,1,2017,12,9,avenida,entre rios av.,4,-58.39035581,-34.63412287,peaton,autobus
2017-0157,1,2017,12,9,gral paz,"paz, gral. av.",9,-58.52866211,-34.64597065,auto,autobus
2017-0158,1,2017,12,21,gral paz,gualeguaychu,11,-58.52037476,-34.59407024,moto,auto
2017-0159,1,2017,12,4,avenida,independencia av.,1,-58.38896772,-34.61799615,moto,auto
2017-0160,1,2017,12,13,avenida,nazca av.,7,-58.47074114,-34.62771756,peaton,moto
2017-0161,1,2017,12,15,avenida,"peron, eva av.",9,-58.48200819,-34.65969965,peaton,auto
2018-0001,1,2018,1,22,avenida,san juan av.,3,-58.39536773,-34.62297346,peaton,moto
2018-0002,1,2018,1,16,calle,peru,1,-58.37456088,-34.61895467,bicicleta,autobus
2018-0003,1,2018,1,10,avenida,"pueyrredon, honorio, dr. av.",15,-58.44860217,-34.60395657,peaton,multiple
2018-0004,1,2018,1,9,avenida,del libertador av.,13,-58.46129513,-34.54332766,moto,multiple
2018-0005,1,2018,1,22,avenida,paseo colon av.,1,-58.36907201,-34.61953517,peaton,autobus
2018-0006,1,2018,1,21,calle,valle,6,-58.44062219,-34.62499107,bicicleta,autobus
2018-0007,1,2018,1,2,autopista,autopista perito moreno,9,-58.52502765,-34.63601265,auto,auto
2018-0008,1,2018,1,17,avenida,"huergo, ing. av.",1,-58.36659655,-34.61687778,moto,de_carga
2018-0009,1,2018,1,2,avenida,pilcomayo,4,-58.36737389,-34.62763661,moto,moto
2018-0010,1,2018,1,5,calle,cervantes,10,-58.49807953,-34.63038658,moto,de_carga
2018-0011,1,2018,1,10,avenida,callao av.,2,-58.39092703,-34.59088447,peaton,autobus
2018-0012,1,2018,1,13,calle,oliden,8,-58.46912006,-34.68049201,moto,autobus
2018-0013,1,2018,1,8,avenida,congreso av.,12,-58.48661286,-34.56786129,moto,auto
2018-0014,1,2018,1,20,avenida,"moreno, perito av.",7,-58.44074927,-34.65080597,peaton,moto
2018-0015,2,2018,2,1,avenida,australia av.,4,-58.38636298,-34.64684275,moto,autobus
2018-0016,1,2018,2,10,avenida,del libertador av.,1,-58.37533517,-34.59276462,moto,de_carga
2018-0017,1,2018,2,4,avenida,san pedrito av.,7,-58.46963952,-34.63070603,peaton,auto
2018-0018,1,2018,2,7,calle,isabel la catolica,4,-58.37207554,-34.64543658,moto,de_carga
2018-0019,1,2018,2,12,avenida,las heras general av.,2,-58.39189441,-34.59176378,peaton,autobus
2018-0020,1,2018,2,22,autopista,autopista presidente héctor j. cámpora,8,-58.45012957,-34.66518343,moto,de_carga
2018-0021,1,2018,2,10,avenida,"alcorta, amancio av.",4,-58.40184094,-34.64546845,peaton,autobus
2018-0022,1,2018,2,0,avenida,"montes de oca, manuel av.",4,-58.37441153,-34.63966783,moto,de_carga
2018-0023,1,2018,2,6,calle,barco centenera del,6,-58.44110156,-34.62082399,moto,auto
2018-0024,1,2018,2,23,avenida,alvarez thomas av.,15,-58.47087351,-34.57827342,peaton,de_carga
2018-0025,1,2018,3,22,avenida,avellaneda av.,7,-58.45962210,-34.62245140,peaton,auto
2018-0026,2,2018,3,4,avenida,"rabanal, francisco, intendente av.",4,-58.41657793,-34.65476216,emergencias,de_carga
2018-0027,1,2018,3,23,calle,castro,5,-58.41911301,-34.63722107,peaton,moto
2018-0028,1,2018,3,15,avenida,"bilbao, francisco av.",9,-58.47120586,-34.64251042,peaton,de_carga
2018-0029,1,2018,3,18,avenida,nazca av.,11,-58.47418944,-34.62049672,moto,auto
2018-0030,1,2018,3,1,avenida,plaza,15,-58.46720441,-34.57905579,moto,moto
2018-0031,1,2018,3,10,avenida,gaona av.,11,-58.46909362,-34.61779710,moto,de_carga
2018-0032,1,2018,4,13,avenida,cabildo av.,13,-58.44704343,-34.56888640,peaton,autobus
2018-0033,1,2018,4,7,avenida,camarones,10,-58.50535541,-34.62902048,moto,de_carga
2018-0034,1,2018,4,18,avenida,santa fe av.,2,-58.40021675,-34.59522198,peaton,autobus
2018-0035,1,2018,4,16,avenida,rivadavia av.,7,-58.46325991,-34.62919627,peaton,autobus
2018-0036,1,2018,4,23,avenida,san martin av.,15,-58.49471482,-34.59694755,moto,auto
2018-0037,1,2018,4,18,avenida,cordoba av.,2,-58.39872610,-34.59975962,peaton,de_carga
2018-0038,2,2018,4,17,avenida,rivadavia av.,1,-58.38872177,-34.60885045,peaton,auto
2018-0040,1,2018,4,11,calle,"freire, ramon, cap. gral.",13,-58.45686132,-34.57305993,peaton,de_carga
2018-0041,1,2018,4,13,avenida,la plata av.,4,-58.42281627,-34.64282424,peaton,autobus
2018-0042,1,2018,4,18,calle,brandsen,4,-58.38666024,-34.63953396,moto,de_carga
2018-0043,1,2018,4,6,avenida,"vilardebo, teodoro",11,-58.49122843,-34.61207587,moto,auto
2018-0044,1,2018,4,9,avenida,alberti,3,-58.40098306,-34.61866627,peaton,auto
2018-0045,1,2018,4,7,avenida,alvarez thomas av.,13,-58.45448963,-34.57916920,auto,de_carga
2018-0046,1,2018,5,3,gral paz,"paz, gral. av.",9,-58.52927982,-34.63931752,peaton,auto
2018-0047,1,2018,5,19,avenida,corrientes av.,15,-58.44759966,-34.59170240,peaton,autobus
2018-0048,1,2018,5,10,avenida,rivadavia av.,7,-58.46411215,-34.62925068,peaton,autobus
2018-0049,1,2018,5,19,calle,quesada,13,-58.46213220,-34.55395823,peaton,auto
2018-0050,1,2018,5,18,avenida,cabildo av.,13,-58.45669422,-34.56203610,peaton,autobus
2018-0051,1,2018,5,21,calle,california,4,-58.35977160,-34.64341878,peaton,auto
2018-0052,1,2018,5,20,avenida,"carril, salvador maria del av.",15,-58.49820145,-34.59070093,peaton,autobus
2018-0053,1,2018,5,2,calle,san luis,3,-58.41059280,-34.59939180,moto,auto
2018-0054,1,2018,5,11,calle,lugones,12,-58.47969138,-34.57121563,peaton,bicicleta
2018-0055,1,2018,5,7,avenida,independencia av.,3,-58.40351561,-34.61883916,moto,auto
2018-0056,1,2018,6,13,avenida,rivadavia av.,9,-58.51973844,-34.63918987,peaton,autobus
2018-0057,1,2018,6,3,calle,combate de los pozos,3,-58.39311376,-34.62163006,moto,autobus
2018-0058,1,2018,6,6,avenida,cordoba av.,15,-58.43531242,-34.59082159,moto,auto
2018-0059,1,2018,6,6,avenida,"garay, juan de av.",5,-58.41178165,-34.63035454,moto,emergencias
2018-0060,1,2018,6,12,avenida,lavalle,1,-58.37048800,-34.60189492,peaton,autobus
2018-0061,1,2018,6,11,calle,estados unidos,3,-58.39883882,-34.61964833,moto,moto
2018-0062,1,2018,6,1,calle,rosario,6,-58.44110156,-34.62082399,peaton,de_carga
2018-0063,1,2018,6,21,avenida,"alem, leandro n. av.",1,-58.37093138,-34.59952725,peaton,autobus
2018-0064,1,2018,6,1,avenida,varela av.,7,-58.45855262,-34.63953253,auto,de_carga
2018-0065,1,2018,6,17,calle,"pellegrini, carlos",1,-58.38161909,-34.59283447,moto,de_carga
2018-0066,1,2018,6,11,avenida,corrientes av.,15,-58.45511899,-34.58698157,peaton,autobus
2018-0067,1,2018,6,16,avenida,"montes de oca, manuel av.",4,-58.37724226,-34.62973033,autobus,auto
2018-0068,1,2018,7,9,avenida,carabobo av.,7,-58.45546217,-34.62930339,moto,auto
2018-0069,1,2018,7,21,avenida,cordoba av.,2,-58.39897064,-34.59954925,bicicleta,autobus
2018-0070,1,2018,7,15,calle,estados unidos,3,-58.40917826,-34.62126274,moto,autobus
2018-0071,1,2018,7,17,avenida,moreno,1,-58.36726348,-34.61099738,moto,de_carga
2018-0072,1,2018,7,13,autopista,autopista dellepiane luis tte. gral.,8,-58.48267426,-34.68454456,moto,de_carga
2018-0073,1,2018,7,15,avenida,"iriarte, gral. av.",4,-58.39546165,-34.65168841,peaton,de_carga
2018-0074,1,2018,7,6,avenida,"alberdi, juan bautista av.",7,-58.46941984,-34.63376545,auto,de_carga
2018-0075,1,2018,7,7,avenida,del libertador av.,14,-58.40367321,-34.58129246,peaton,auto
2018-0076,1,2018,7,9,calle,"chavez, jorge",9,-58.52932872,-34.65014993,auto,de_carga
2018-0077,1,2018,7,23,calle,"urquiza, gral.",3,-58.40917826,-34.62126274,auto,de_carga
2018-0078,1,2018,7,6,calle,paraguay,2,-58.41264127,-34.59473294,peaton,auto
2018-0079,1,2018,7,7,gral paz,de los corrales av.,9,-58.50877521,-34.66977709,peaton,de_carga
2018-0080,1,2018,7,22,avenida,"alberdi, juan bautista av.",9,-58.51232237,-34.65903530,peaton,auto
2018-0081,1,2018,7,6,avenida,castañares av.,7,-58.44744156,-34.64567171,peaton,multiple
2018-0082,1,2018,8,15,avenida,larrazabal,9,-58.49441273,-34.65869968,moto,de_carga
2018-0083,1,2018,8,5,gral paz,"paz, gral. av.",8,-58.47976785,-34.69153196,moto,de_carga
2018-0084,1,2018,8,7,avenida,"moreau de justo, alicia av.",1,-58.36523349,-34.62260331,peaton,de_carga
2018-0085,2,2018,8,18,avenida,entre rios av.,3,-58.39118948,-34.62704273,moto,autobus
2018-0086,1,2018,8,21,avenida,directorio av.,9,-58.49019551,-34.65015854,peaton,autobus
2018-0087,1,2018,8,19,avenida,pavon av.,5,-58.41644362,-34.63023775,peaton,autobus
2018-0088,1,2018,8,16,gral paz,"paz, gral. av.",12,-58.50073810,-34.54979510,moto,de_carga
2018-0089,1,2018,8,17,avenida,pichincha av.,4,-58.39626094,-34.63036565,peaton,autobus
2018-0090,1,2018,8,10,avenida,27 de febrero av.,8,-58.43284809,-34.67051543,moto,auto
2018-0091,1,2018,8,18,autopista,autopista perito moreno,9,-58.52280139,-34.63659934,auto,auto
2018-0092,1,2018,8,8,avenida,cordoba av.,14,-58.42336930,-34.59774487,moto,auto
2018-0093,1,2018,8,8,calle,15 de noviembre de 1889,1,-58.38691681,-34.63105973,peaton,autobus
2018-0094,1,2018,8,5,calle,"salguero, jeronimo",14,-58.41169020,-34.58579880,moto,autobus
2018-0095,1,2018,8,0,avenida,lacarra av.,9,-58.46739825,-34.65117757,auto,auto
2018-0096,1,2018,8,22,autopista,autopista presidente héctor j. cámpora,8,-58.44483258,-34.67152226,peaton,auto
2018-0097,1,2018,9,10,avenida,varela av.,8,-58.43254025,-34.66128115,auto,emergencias
2018-0098,2,2018,9,5,gral paz,"paz, gral. av.",8,-58.47199387,-34.69640164,auto,auto
2018-0099,1,2018,9,14,avenida,rivadavia av.,7,-58.46411215,-34.62925068,peaton,autobus
2018-0100,1,2018,9,10,avenida,"rawson de dellepiane, elvira av.",1,-58.36217754,-34.62367156,moto,auto
2018-0101,1,2018,9,0,gral paz,"paz, gral. av.",12,-58.48098594,-34.54073130,auto,multiple
2018-0102,1,2018,9,0,calle,famatina,4,-58.41083404,-34.64640709,moto,auto
2018-0103,1,2018,9,17,avenida,castañares av.,7,-58.44609828,-34.64446729,peaton,moto
2018-0104,1,2018,10,8,autopista,autopista 1 sur presidente arturo frondizi,4,-58.37709334,-34.64035082,moto,moto
2018-0105,1,2018,10,18,avenida,nazca av.,7,-58.46963952,-34.63070603,peaton,autobus
2018-0106,1,2018,10,22,avenida,"figueroa alcorta, pres. av.",13,-58.43674281,-34.55161027,moto,moto
2018-0107,1,2018,10,14,avenida,rivadavia av.,3,-58.40596860,-34.61011987,peaton,autobus
2018-0108,1,2018,10,14,avenida,de los italianos av.,1,-58.36154069,-34.60463618,moto,auto
2018-0109,1,2018,10,22,avenida,tucuman,1,-58.37062179,-34.60066507,peaton,autobus
2018-0110,1,2018,10,3,avenida,corrientes av.,15,-58.43220014,-34.60207186,peaton,moto
2018-0111,1,2018,10,12,autopista,autopista perito moreno,9,-58.46958442,-34.64949724,moto,de_carga
2018-0112,1,2018,10,9,calle,muñecas,15,-58.44671397,-34.59970903,moto,de_carga
2018-0113,1,2018,10,11,calle,"artigas, jose gervasio, gral.",11,-58.47152163,-34.61474911,moto,de_carga
2018-0114,1,2018,10,2,avenida,solis,1,-58.39032921,-34.61807951,moto,auto
2018-0115,1,2018,10,12,calle,"bosch, ventura",9,-58.52887773,-34.64297861,peaton,autobus
2018-0116,1,2018,11,10,gral paz,"paz, gral. av.",8,-58.49371157,-34.67981324,peaton,de_carga
2018-0117,1,2018,11,8,avenida,"peron, eva av.",9,-58.48266599,-34.66012327,moto,moto
2018-0118,1,2018,11,14,avenida,"peron, juan domingo, tte. general",3,-58.40612253,-34.60774301,peaton,moto
2018-0120,1,2018,11,13,avenida,monroe,12,-58.48250732,-34.57208238,peaton,auto
2018-0121,1,2018,11,16,avenida,rivadavia av.,10,-58.49945705,-34.63743280,peaton,autobus
2018-0122,1,2018,11,1,autopista,autopista dellepiane luis tte. gral.,8,-58.47743966,-34.67233407,auto,auto
2018-0124,1,2018,11,19,autopista,autopista perito moreno,9,-58.52144411,-34.63682499,de_carga,de_carga
2018-0125,1,2018,11,21,avenida,saenz av.,4,-58.41650465,-34.65084045,peaton,autobus
2018-0126,1,2018,11,12,gral paz,"paz, gral. av.",9,-58.52994219,-34.64055918,moto,auto
2018-0127,1,2018,11,9,gral paz,"paz, gral. av.",12,-58.50993046,-34.56919739,moto,moto
2018-0128,2,2018,11,4,gral paz,"paz, gral. av.",9,-58.52844623,-34.64592873,auto,autobus
2018-0129,1,2018,11,4,avenida,"newbery, jorge av.",15,-58.45021367,-34.58695347,moto,autobus
2018-0130,1,2018,12,3,avenida,gaona av.,10,-58.49022072,-34.62770192,moto,autobus
2018-0131,1,2018,12,19,avenida,"madero, eduardo av.",1,-58.36860866,-34.60106568,moto,de_carga
2018-0132,1,2018,12,8,autopista,autopista arturo illia,2,-58.39490504,-34.57241534,peaton,de_carga
2018-0133,1,2018,12,14,avenida,nazca av.,7,-58.46963952,-34.63070603,peaton,de_carga
2018-0134,1,2018,12,21,avenida,la plata av.,7,-58.42349365,-34.64019887,peaton,moto
2018-0135,1,2018,12,14,avenida,belgrano av.,1,-58.37471802,-34.61265002,peaton,autobus
2018-0136,1,2018,12,15,avenida,rivadavia av.,7,-58.46438789,-34.62913916,peaton,autobus
2018-0137,1,2018,12,20,calle,"alsina, adolfo",1,-58.38481975,-34.61100424,moto,autobus
2018-0138,1,2018,12,9,calle,bermudez,10,-58.50751833,-34.62073702,autobus,autobus
2018-0139,1,2018,12,6,calle,santander,7,-58.44682986,-34.63888084,moto,moto
2018-0140,1,2018,12,8,calle,lanteri julieta,1,-58.36004650,-34.61381341,auto,auto
2018-0141,1,2018,12,17,avenida,maza,5,-58.41509546,-34.62085945,peaton,moto
2018-0142,1,2018,12,13,gral paz,"paz, gral. av.",12,-58.50997604,-34.57251072,de_carga,autobus
2018-0143,1,2018,12,5,avenida,olivera av.,10,-58.48606475,-34.64047818,moto,auto
2019-0001,1,2019,1,8,avenida,"castillo, ramon s., pres. av.",2,-58.38526125,-34.57805810,moto,de_carga
2019-0002,1,2019,1,4,avenida,castañares av.,7,-58.45463662,-34.65082149,auto,de_carga
2019-0003,1,2019,1,8,avenida,san martin av.,15,-58.49121672,-34.59718073,moto,auto
2019-0004,1,2019,1,19,avenida,"peron, eva av.",9,-58.47325712,-34.65284605,auto,autobus
2019-0005,1,2019,1,12,avenida,"justo, juan b. av.",10,-58.52108101,-34.63382309,moto,de_carga
2019-0006,1,2019,1,5,avenida,"obligado rafael, av.costanera",14,-58.41652702,-34.55509606,peaton,auto
2019-0007,1,2019,1,19,calle,"mitre, bartolome",5,-58.42891604,-34.61071660,moto,auto
2019-0008,1,2019,1,22,gral paz,"paz, gral. av.",8,-58.47802293,-34.69156793,moto,multiple
2019-0009,1,2019,1,14,avenida,chacabuco,1,-58.37564821,-34.62200207,moto,auto
2019-0010,2,2019,2,7,avenida,del libertador av.,14,-58.42668489,-34.56961468,peaton,auto
2019-0011,1,2019,2,1,gral paz,"paz, gral. av.",9,-58.51839930,-34.66252488,peaton,auto
2019-0012,1,2019,2,3,avenida,castañares av.,8,-58.48432691,-34.67665828,moto,auto
2019-0013,1,2019,2,7,calle,salvigny,7,-58.43383830,-34.64457699,peaton,auto
2019-0014,1,2019,2,17,calle,"lamarca, emilio",11,-58.51664939,-34.58657938,moto,objeto fijo
2019-0015,1,2019,2,6,avenida,san martin av.,11,-58.49613012,-34.59703502,auto,objeto fijo
2019-0016,1,2019,2,2,calle,"carrillo, ramon, dr.",4,-58.38313603,-34.63356284,moto,autobus
2019-0017,1,2019,3,7,calle,mexico,3,-58.39914719,-34.61632317,auto,autobus
2019-0018,1,2019,3,23,autopista,"cantilo, int.",13,-58.44927253,-34.54048625,peaton,auto
2019-0019,1,2019,3,12,avenida,del libertador av.,13,-58.45049163,-34.55374003,moto,auto
2019-0020,1,2019,3,21,avenida,chiclana av.,5,-58.41288952,-34.63572989,moto,auto
2019-0021,1,2019,3,22,avenida,boyaca av.,7,-58.45743597,-34.62561234,moto,auto
2019-0023,1,2019,3,8,gral paz,"paz, gral. av.",9,-58.52922765,-34.63637963,auto,objeto fijo
2019-0024,1,2019,3,7,avenida,antartida argentina av.,1,-58.37208118,-34.58541957,moto,de_carga
2019-0025,1,2019,3,13,calle,"mitre, bartolome",5,-58.41458534,-34.60937557,peaton,auto
2019-0026,1,2019,3,7,avenida,"fernandez de la cruz, f., gral. av.",8,-58.47976785,-34.69153196,peaton,autobus
2019-0027,1,2019,3,11,avenida,santa fe av.,2,-58.39990285,-34.59511714,bicicleta,multiple
2019-0028,1,2019,4,9,avenida,"justo, juan b. av.",11,-58.46051346,-34.60588536,peaton,autobus
2019-0029,1,2019,4,10,avenida,"fernandez de la cruz, f., gral. av.",8,-58.47976785,-34.69153196,moto,objeto fijo
2019-0030,1,2019,4,16,calle,"alvarez, donato, tte. gral.",7,-58.45457546,-34.62447891,moto,de_carga
2019-0031,1,2019,4,19,avenida,cordoba av.,1,-58.36951669,-34.59832047,bicicleta,de_carga
2019-0032,1,2019,4,11,avenida,camarones,11,-58.46415322,-34.60443790,peaton,auto
2019-0034,1,2019,4,9,avenida,"moreno, perito av.",7,-58.45537373,-34.65093074,moto,objeto fijo
2019-0035,1,2019,4,14,calle,suipacha,1,-58.37942637,-34.60053054,peaton,bicicleta
2019-0036,1,2019,4,22,calle,riglos,6,-58.43680440,-34.62147504,moto,auto
2019-0037,1,2019,5,23,avenida,la rioja,3,-58.40778291,-34.61971907,moto,auto
2019-0038,1,2019,5,14,avenida,"udaondo, guillermo av.",13,-58.45212523,-34.54628513,peaton,moto
2019-0039,1,2019,5,3,avenida,san pedrito av.,7,-58.46749188,-34.63551751,moto,auto
2019-0041,1,2019,5,20,avenida,"alberdi, juan bautista av.",9,-58.51140289,-34.65846419,auto,multiple
2019-0042,1,2019,5,15,calle,lima,1,-58.38211431,-34.62465368,peaton,autobus
2019-0043,1,2019,5,9,avenida,cordoba av.,1,-58.36951669,-34.59832047,bicicleta,de_carga
2019-0044,1,2019,5,12,avenida,boedo av.,5,-58.41635217,-34.62036547,peaton,moto
2019-0045,1,2019,6,7,avenida,del libertador av.,14,-58.41316147,-34.57579669,moto,de_carga
2019-0046,1,2019,6,9,gral paz,"paz, gral. av.",13,-58.47617802,-34.53825652,moto,auto
2019-0047,1,2019,6,10,avenida,caseros av.,4,-58.38641783,-34.63330028,peaton,de_carga
2019-0048,1,2019,6,7,avenida,avellaneda av.,6,-58.45322169,-34.62038137,moto,de_carga
2019-0049,1,2019,6,9,calle,ciudad de la paz,13,-58.45849057,-34.56166498,peaton,de_carga
2019-0050,1,2019,6,23,avenida,"salguero, jeronimo",14,-58.41829559,-34.59411677,moto,de_carga
2019-0051,1,2019,6,10,calle,"filiberto, juan de dios",4,-58.36376488,-34.63832093,moto,auto
2019-0053,1,2019,6,17,avenida,asturias av.,8,-58.46442668,-34.66004784,auto,auto
2019-0054,1,2019,6,3,calle,gandara,15,-58.48222035,-34.58428769,moto,objeto fijo
2019-0055,1,2019,6,19,avenida,"guevara, trinidad",1,-58.36819005,-34.60283208,moto,autobus
2019-0056,1,2019,6,17,avenida,boyaca av.,7,-58.45877601,-34.62330939,peaton,auto
2019-0057,1,2019,7,19,calle,artilleros,13,-58.44196498,-34.55760517,peaton,auto
2019-0058,1,2019,7,9,autopista,autopista perito moreno,10,-58.50622631,-34.63627822,moto,autobus
2019-0059,1,2019,7,22,calle,15 de noviembre de 1889,1,-58.38410880,-34.63099197,moto,autobus
2019-0060,1,2019,7,11,avenida,"acosta, mariano av.",10,-58.48100602,-34.63504312,peaton,auto
2019-0061,1,2019,7,18,calle,11 de septiembre de 1888,13,-58.45200171,-34.55781320,peaton,autobus
2019-0062,1,2019,8,23,avenida,"pino, virrey del",13,-58.44462132,-34.56201105,peaton,autobus
2019-0063,1,2019,8,1,avenida,forest av.,15,-58.45220688,-34.58711712,moto,autobus
2019-0064,1,2019,8,3,avenida,boyaca av.,7,-58.45962210,-34.62245140,moto,auto
2019-0065,1,2019,8,16,calle,barco centenera del,4,-58.41970850,-34.65414867,peaton,autobus
2019-0066,1,2019,8,21,avenida,riestra av.,7,-58.44187596,-34.64938031,peaton,auto
2019-0067,1,2019,8,15,calle,"castro, emilio av.",10,-58.49101637,-34.64276621,moto,de_carga
2019-0068,1,2019,8,17,avenida,27 de febrero av.,8,-58.42493829,-34.66256502,moto,moto
2019-0069,1,2019,8,5,avenida,"garay, juan de av.",4,-58.40489318,-34.62930162,moto,auto
2019-0070,1,2019,8,12,avenida,"scalabrini ortiz, raul av.",14,-58.42686680,-34.59217875,moto,bicicleta
2019-0071,1,2019,8,11,avenida,primera junta,9,-58.47961100,-34.65620398,peaton,de_carga
2019-0072,1,2019,8,6,avenida,"alberdi, juan bautista av.",10,-58.47439934,-34.63524207,auto,auto
2019-0073,1,2019,8,1,avenida,alvarez thomas av.,15,-58.46711912,-34.57926018,auto,objeto fijo
2019-0074,1,2019,8,9,autopista,"lugones, leopoldo av.",13,-58.46514781,-34.53465378,moto,de_carga
2019-0075,1,2019,8,23,calle,san antonio,4,-58.37571078,-34.65584079,moto,autobus
2019-0076,1,2019,9,18,autopista,autopista 1 sur presidente arturo frondizi,4,-58.37157668,-34.65429986,moto,de_carga
2019-0077,1,2019,9,3,avenida,"figueroa alcorta, pres. av.",14,-58.39811256,-34.58070186,peaton,auto
2019-0078,1,2019,9,8,avenida,"einstein, alberto",4,-58.41125934,-34.65417740,peaton,de_carga
2019-0079,1,2019,9,5,calle,agrelo,5,-58.41822901,-34.61866836,moto,autobus
2019-0080,1,2019,9,18,gral paz,cabildo av.,13,-58.47617802,-34.53825652,peaton,moto
2019-0081,1,2019,9,16,avenida,elcano av.,15,-58.46141281,-34.58623761,peaton,autobus
2019-0082,1,2019,9,7,avenida,"rabanal, francisco, intendente av.",8,-58.42985146,-34.66119740,bicicleta,de_carga
2019-0083,1,2019,9,8,calle,monte,9,-58.48457413,-34.65839090,auto,auto
2019-0084,1,2019,9,11,calle,tandil,7,-58.46572884,-34.63628186,bicicleta,de_carga
2019-0085,1,2019,10,22,calle,cardoso,10,-58.49261744,-34.63419130,bicicleta,tren
2019-0086,1,2019,10,14,avenida,corrientes av.,15,-58.45283186,-34.58841560,moto,autobus
2019-0087,1,2019,10,21,avenida,alvarez thomas av.,12,-58.47973681,-34.57418656,moto,moto
2019-0088,1,2019,10,20,avenida,"alcorta, amancio av.",4,-58.40623949,-34.65076549,peaton,autobus
2019-0089,1,2019,10,15,avenida,"brown, alte. av.",4,-58.36244648,-34.63107887,peaton,de_carga
2019-0090,1,2019,10,18,avenida,"alberdi, juan bautista av.",9,-58.49962423,-34.64868027,peaton,moto
2019-0091,1,2019,11,20,avenida,"justo, juan b. av.",15,-58.44551437,-34.59559816,peaton,autobus
2019-0092,1,2019,11,10,calle,"brin, ministro",4,-58.35608181,-34.63420319,peaton,autobus
2019-0093,1,2019,11,11,avenida,niza,11,-58.46483679,-34.60907662,bicicleta,emergencias
2019-0094,1,2019,11,14,calle,camargo,15,-58.44368628,-34.59724326,moto,emergencias
2019-0095,1,2019,11,15,autopista,autopista 1 sur presidente arturo frondizi,1,-58.37864583,-34.62907067,moto,de_carga
2019-0096,1,2019,11,19,avenida,caseros av.,1,-58.37560352,-34.62726382,peaton,autobus
2019-0097,1,2019,11,8,autopista,autopista perito moreno,9,-58.47721439,-34.64815069,moto,multiple
2019-0098,1,2019,11,14,avenida,guzman,15,-58.45134029,-34.58984288,autobus,autobus
2019-0100,1,2019,12,17,avenida,de los constituyentes av.,12,-58.49040794,-34.58368803,moto,auto
2019-0101,1,2019,12,4,avenida,"moreno, perito av.",4,-58.42102679,-34.64991178,moto,moto
2019-0102,1,2019,12,14,calle,ibarrola,9,-58.52219407,-34.64143926,moto,auto
2019-0104,1,2019,12,4,avenida,rivadavia av.,10,-58.47460416,-34.63206174,moto,auto
2019-0105,1,2019,5,11,avenida,santo tome,10,-58.50512382,-34.61520391,peaton,auto
2020-0001,1,2020,1,10,calle,uriarte,15,-58.43910409,-34.59213355,peaton,auto
2020-0002,1,2020,1,20,avenida,saraza,7,-58.45019436,-34.64646409,moto,objeto fijo
2020-0003,1,2020,1,6,avenida,rivadavia av.,3,-58.39337644,-34.60927582,peaton,auto
2020-0004,1,2020,1,21,avenida,rodriguez peña,1,-58.39055614,-34.60919284,peaton,autobus
2020-0005,1,2020,1,6,avenida,24 de noviembre,3,-58.41036975,-34.62477021,moto,autobus
2020-0006,1,2020,1,12,avenida,lafuente av.,8,-58.44925765,-34.65412546,moto,de_carga
2020-0007,1,2020,1,0,calle,chile,1,-58.38156850,-34.61648696,peaton,moto
2020-0008,1,2020,1,7,avenida,cordoba av.,2,-58.40662899,-34.59804521,moto,de_carga
2020-0009,1,2020,2,14,calle,"peron, juan domingo, tte. general",5,-58.41985649,-34.60600850,peaton,auto
2020-0010,1,2020,2,5,avenida,9 de julio av.,1,-58.38099833,-34.62214953,moto,objeto fijo
2020-0011,1,2020,2,11,calle,colombres,5,-58.41803309,-34.61823178,moto,de_carga
2020-0012,1,2020,2,21,calle,mexico,3,-58.40604003,-34.61783553,peaton,moto
2020-0013,1,2020,2,12,avenida,combatientes de malvinas av.,15,-58.47549929,-34.57994061,peaton,moto
2020-0014,1,2020,2,2,calle,bermudez,11,-58.51398484,-34.61600366,moto,autobus
2020-0015,1,2020,2,14,avenida,brasil av.,1,-58.36797542,-34.62519403,moto,autobus
2020-0016,1,2020,2,13,avenida,"alem, leandro n. av.",1,-58.37133616,-34.59879316,peaton,autobus
2020-0017,1,2020,3,23,avenida,belgrano av.,3,-58.39613805,-34.61413568,peaton,auto
2020-0018,1,2020,3,14,avenida,"udaondo, guillermo av.",13,-58.44903073,-34.54200276,moto,objeto fijo
2020-0019,1,2020,3,21,calle,constitucion,5,-58.41972364,-34.62846670,peaton,auto
2020-0020,1,2020,3,17,avenida,pueyrredon av.,3,-58.40571596,-34.60557123,peaton,moto
2020-0021,1,2020,3,16,calle,"bravo, mario",2,-58.41451590,-34.59488319,peaton,auto
2020-0022,1,2020,4,6,autopista,autopista dellepiane luis tte. gral.,9,-58.47297505,-34.66245085,auto,de_carga
2020-0023,1,2020,4,18,avenida,"araoz de lamadrid, gregorio, gral.",4,-58.35791192,-34.63695178,auto,de_carga
2020-0024,1,2020,4,7,calle,murguiondo,9,-58.50801713,-34.65177305,auto,auto
2020-0025,1,2020,5,5,avenida,rivadavia av.,3,-58.40258477,-34.60975108,peaton,auto
2020-0027,1,2020,5,8,avenida,"dellepiane, luis, tte. gral.",8,-58.48267426,-34.68454456,peaton,de_carga
2020-0028,1,2020,5,10,avenida,"scalabrini ortiz, raul av.",15,-58.44248936,-34.60221948,peaton,autobus
2020-0029,1,2020,6,14,gral paz,"paz, gral. av.",9,-58.52909134,-34.63886726,peaton,autobus
2020-0030,1,2020,6,15,avenida,san martin av.,6,-58.45158942,-34.60646580,moto,multiple
2020-0031,1,2020,6,8,avenida,"garzon, eugenio, gral. av.",9,-58.49344309,-34.65788529,moto,de_carga
2020-0032,1,2020,7,23,avenida,corrientes av.,15,-58.44259166,-34.59635137,moto,auto
2020-0033,1,2020,7,6,gral paz,"paz, gral. av.",13,-58.46743471,-34.53476874,auto,objeto fijo
2020-0034,1,2020,8,3,calle,"mitre, bartolome",3,-58.41178158,-34.60922259,peaton,auto
2020-0035,1,2020,8,5,autopista,autopista 25 de mayo,7,-58.45068621,-34.63638927,moto,autobus
2020-0036,1,2020,8,18,avenida,"scalabrini ortiz, raul av.",14,-58.42016954,-34.58778790,peaton,moto
2020-0037,1,2020,8,4,avenida,"fernandez de la cruz, f., gral. av.",8,-58.43850413,-34.65554754,peaton,auto
2020-0038,2,2020,8,4,avenida,las heras general av.,14,-58.40617526,-34.58345898,auto,auto
2020-0040,1,2020,9,3,avenida,"castillo, ramon s., pres. av.",2,-58.38526125,-34.57805810,auto,objeto fijo
2020-0041,1,2020,9,1,avenida,curapaligue av.,7,-58.44750470,-34.63491705,moto,autobus
2020-0042,1,2020,9,17,avenida,"diaz, ana",8,-58.46745752,-34.68192648,peaton,autobus
2020-0043,1,2020,9,17,avenida,"alem, leandro n. av.",1,-58.37202621,-34.59717942,peaton,autobus
2020-0044,1,2020,10,0,avenida,la plata av.,6,-58.42779702,-34.62207347,auto,auto
2020-0045,1,2020,10,3,gral paz,"paz, gral. av.",8,-58.46244952,-34.70524971,auto,de_carga
2020-0046,1,2020,10,21,avenida,nazca av.,11,-58.48440160,-34.60776782,moto,moto
2020-0047,1,2020,10,14,autopista,autopista presidente héctor j. cámpora,9,-58.46668375,-34.65174801,peaton,de_carga
2020-0048,1,2020,10,20,avenida,dorrego av.,15,-58.44958780,-34.59322448,moto,objeto fijo
2020-0049,1,2020,10,20,avenida,del libertador av.,1,-58.37533517,-34.59276462,peaton,auto
2020-0050,1,2020,11,22,avenida,santa fe av.,14,-58.42525456,-34.57866344,peaton,moto
2020-0051,1,2020,11,0,avenida,avellaneda av.,10,-58.48493828,-34.62981124,moto,auto
2020-0052,1,2020,11,6,avenida,tucuman,3,-58.40480504,-34.60183884,bicicleta,de_carga
2020-0053,1,2020,11,3,avenida,"alcorta, amancio av.",4,-58.41125934,-34.65417740,auto,auto
2020-0054,1,2020,11,9,calle,inclan,4,-58.39956546,-34.62977080,bicicleta,auto
2020-0055,1,2020,11,12,avenida,olazabal av.,12,-58.49005682,-34.57868970,peaton,de_carga
2020-0056,1,2020,11,13,gral paz,"paz, gral. av.",8,-58.47064556,-34.69843756,moto,de_carga
2020-0057,1,2020,11,7,avenida,nazca av.,11,-58.47501560,-34.61945902,peaton,auto
2020-0058,1,2020,11,16,avenida,olivera av.,10,-58.48727942,-34.63652467,peaton,auto
2020-0059,1,2020,12,6,calle,brasil,1,-58.37951690,-34.62794241,peaton,autobus
2020-0060,1,2020,12,20,avenida,homero,9,-58.47750832,-34.65672199,peaton,moto
2020-0061,1,2020,12,14,autopista,"cantilo, int.",13,-58.44927253,-34.54048625,moto,de_carga
2020-0062,1,2020,12,17,calle,moreno,3,-58.39246272,-34.61253541,bicicleta,autobus
2020-0063,2,2020,12,7,calle,nueva york,11,-58.52783814,-34.61047001,peaton,moto
2020-0065,1,2020,12,16,gral paz,"paz, gral. av.",12,-58.49332664,-34.54836855,moto,auto
2020-0066,1,2020,12,4,autopista,autopista perito moreno,10,-58.50178784,-34.63593897,moto,objeto fijo
2020-0067,1,2020,12,22,avenida,saenz av.,4,-58.41657793,-34.65476216,peaton,autobus
2020-0068,1,2020,12,20,avenida,del libertador av.,2,-58.39731474,-34.58307887,moto,auto
2020-0069,1,2020,12,5,avenida,independencia av.,1,-58.38746381,-34.61790839,moto,autobus
2020-0070,1,2020,12,15,avenida,callao av.,2,-58.39189441,-34.59176378,peaton,autobus
2020-0071,1,2020,12,23,avenida,san pedrito av.,7,-58.46749188,-34.63551751,peaton,auto
2020-0072,1,2020,12,3,avenida,jujuy av.,3,-58.40280471,-34.62113271,bicicleta,auto
2020-0073,1,2020,12,7,avenida,27 de febrero av.,8,-58.44451316,-34.68475866,moto,objeto fijo
2020-0074,1,2020,12,21,avenida,bogota,7,-58.47110424,-34.62742408,auto,auto
2020-0075,1,2020,12,14,avenida,corrientes av.,1,-58.38220928,-34.60373898,peaton,autobus
2020-0076,1,2020,12,12,avenida,alvarez jonte av.,10,-58.49794468,-34.61565025,auto,autobus
2020-0077,2,2020,12,6,avenida,san martin av.,15,-58.47220945,-34.60111373,moto,auto
2020-0078,1,2020,12,5,calle,barco centenera del,7,-58.43706741,-34.63217813,bicicleta,autobus
2020-0079,1,2020,12,4,gral paz,"paz, gral. av.",12,-58.49332664,-34.54836855,moto,objeto fijo
2021-0001,1,2021,1,18,autopista,autopista 1 sur presidente arturo frondizi,1,-58.37960727,-34.62622851,moto,auto
2021-0002,1,2021,1,10,avenida,"castro, emilio av.",9,-58.51061062,-34.64972472,moto,de_carga
2021-0003,1,2021,1,7,autopista,autopista 25 de mayo,7,-58.43052224,-34.62941648,moto,objeto fijo
2021-0004,1,2021,1,9,avenida,caseros av.,5,-58.41455544,-34.63866836,peaton,de_carga
2021-0005,1,2021,1,21,avenida,"peron, eva av.",9,-58.46774439,-34.64730145,peaton,auto
2021-0006,1,2021,1,21,autopista,autopista arturo illia,14,-58.40786274,-34.56726817,moto,de_carga
2021-0007,1,2021,1,10,avenida,de los constituyentes av.,15,-58.48744301,-34.58622275,moto,moto
2021-0008,1,2021,1,23,avenida,saenz av.,4,-58.41657793,-34.65476216,peaton,autobus
2021-0009,1,2021,1,5,avenida,paysandu,6,-58.45351111,-34.61134937,moto,objeto fijo
2021-0010,1,2021,1,8,gral paz,"paz, gral. av.",12,-58.50073810,-34.54979510,moto,auto
2021-0011,1,2021,1,1,avenida,santa fe av.,2,-58.39144148,-34.59564871,peaton,auto
2021-0012,1,2021,1,20,autopista,"dellepiane, luis, tte. gral.",8,-58.48191128,-34.68385968,peaton,auto
2021-0013,1,2021,1,6,avenida,"falcon, ramon l.,cnel.",10,-58.48727942,-34.63652467,moto,objeto fijo
2021-0014,1,2021,2,0,avenida,san martin av.,15,-58.48328708,-34.59779521,peaton,auto
2021-0015,1,2021,2,3,avenida,san martin av.,15,-58.49018543,-34.59724990,moto,objeto fijo
2021-0016,1,2021,2,5,avenida,"fernandez de la cruz, f., gral. av.",8,-58.47230127,-34.68482689,auto,objeto fijo
2021-0017,1,2021,2,4,avenida,salta,1,-58.38262614,-34.63168269,moto,autobus
2021-0018,1,2021,2,19,calle,"jaures, jean",3,-58.41047268,-34.60793518,peaton,auto
2021-0019,1,2021,2,1,avenida,triunvirato av.,12,-58.49659234,-34.56353635,moto,objeto fijo
2021-0020,1,2021,2,15,calle,potosi,5,-58.42462955,-34.60727189,peaton,de_carga
2021-0021,1,2021,2,5,calle,"yrigoyen, hipolito",3,-58.41168345,-34.61185625,moto,objeto fijo
2021-0024,1,2021,3,16,avenida,"peron, eva av.",9,-58.49573651,-34.67006054,bicicleta,de_carga
2021-0025,1,2021,3,3,gral paz,"paz, gral. av.",8,-58.48695354,-34.68795245,moto,emergencias
2021-0026,1,2021,3,2,autopista,autopista 1 sur presidente arturo frondizi,4,-58.37562539,-34.64449357,moto,objeto fijo
2021-0027,1,2021,3,15,gral paz,"paz, gral. av.",12,-58.49491054,-34.54795581,moto,de_carga
2021-0028,1,2021,3,17,avenida,corea av.,7,-58.44147621,-34.64357704,peaton,autobus
2021-0029,1,2021,3,18,avenida,"falcon, ramon l.,cnel.",7,-58.46899119,-34.63215432,auto,auto
2021-0030,1,2021,4,18,calle,finochietto enrique dr.,4,-58.38685612,-34.63455776,peaton,autobus
2021-0031,1,2021,4,10,avenida,9 de julio av.,1,-58.38113667,-34.61765323,peaton,de_carga
2021-0032,1,2021,4,19,autopista,"cantilo, int.",13,-58.44112678,-34.54538956,peaton,moto
2021-0033,1,2021,4,17,autopista,autopista 25 de mayo,5,-58.41595919,-34.62743346,auto,objeto fijo
2021-0034,1,2021,4,14,avenida,"alcorta, amancio av.",4,-58.40184094,-34.64546845,moto,de_carga
2021-0035,1,2021,5,9,avenida,"janer, ana maria",8,-58.44642231,-34.65679806,moto,de_carga
2021-0036,1,2021,5,6,gral paz,"paz, gral. av.",11,-58.52340614,-34.59798754,moto,objeto fijo
2021-0037,1,2021,5,7,avenida,monroe,13,-58.46649069,-34.56219075,peaton,autobus
2021-0038,1,2021,5,11,avenida,"justo, juan b. av.",14,-58.42653328,-34.57816791,moto,de_carga
2021-0039,1,2021,5,12,avenida,oliden,9,-58.50407099,-34.65303372,bicicleta,auto
2021-0040,1,2021,5,5,gral paz,"paz, gral. av.",13,-58.46743471,-34.53476874,moto,auto
2021-0041,1,2021,5,8,avenida,del libertador av.,14,-58.40986646,-34.57728060,peaton,autobus
2021-0042,1,2021,5,5,avenida,rivadavia av.,9,-58.51739138,-34.63931792,peaton,autobus
2021-0043,1,2021,5,18,avenida,"alberdi, juan bautista av.",9,-58.50719962,-34.65556223,peaton,auto
2021-0044,1,2021,5,2,avenida,"peron, eva av.",9,-58.46712311,-34.64600222,moto,objeto fijo
2021-0045,1,2021,5,17,autopista,autopista 1 sur presidente arturo frondizi,4,-58.37709334,-34.64035082,moto,multiple
2021-0046,1,2021,5,2,avenida,elcano av.,15,-58.46033141,-34.58569883,auto,objeto fijo
2021-0047,1,2021,6,16,avenida,"vedia, agustin de",4,-58.42190745,-34.65633192,moto,auto
2021-0048,1,2021,6,9,avenida,capdevila,12,-58.49026573,-34.56981410,bicicleta,auto
2021-0049,1,2021,6,20,avenida,"fernandez de la cruz, f., gral. av.",8,-58.45410344,-34.66902702,auto,auto
2021-0050,1,2021,6,13,avenida,del libertador av.,13,-58.44751621,-34.55719892,moto,autobus
2021-0051,1,2021,6,19,avenida,27 de febrero av.,4,-58.42040352,-34.66005171,peaton,de_carga
2021-0052,1,2021,6,5,gral paz,"paz, gral. av.",8,-58.49530249,-34.68010798,moto,objeto fijo
2021-0053,1,2021,6,12,avenida,corrientes av.,15,-58.44399875,-34.59477360,peaton,bicicleta
2021-0054,1,2021,6,14,calle,tabare,4,-58.42759813,-34.65463857,moto,de_carga
2021-0055,1,2021,6,12,avenida,corrientes av.,3,-58.40547222,-34.60456293,moto,de_carga
2021-0056,1,2021,7,23,avenida,corrales,4,-58.42473018,-34.65008280,bicicleta,auto
2021-0057,1,2021,7,23,autopista,autopista arturo illia,2,-58.39257023,-34.57563957,auto,objeto fijo
2021-0058,1,2021,7,0,gral paz,"paz, gral. av.",12,-58.48941042,-34.54596153,peaton,auto
2021-0059,1,2021,7,1,avenida,"garay, juan de av.",3,-58.39640740,-34.62783085,auto,objeto fijo
2021-0060,1,2021,7,12,avenida,"salguero, jeronimo",5,-58.41971993,-34.61112240,peaton,autobus
2021-0061,1,2021,7,9,avenida,"moreno, perito av.",4,-58.40544588,-34.65012801,peaton,de_carga
2021-0062,1,2021,7,7,avenida,la plata av.,4,-58.42003882,-34.64645957,auto,de_carga
2021-0063,1,2021,8,4,avenida,"alberdi, juan bautista av.",7,-58.46851293,-34.63348678,auto,auto
2021-0064,1,2021,8,20,gral paz,"paz, gral. av.",9,-58.52931141,-34.65422917,peaton,de_carga
2021-0065,1,2021,8,8,avenida,san juan av.,6,-58.42675754,-34.62699730,peaton,autobus
2021-0066,1,2021,8,20,avenida,lope de vega av.,11,-58.52933723,-34.61098186,peaton,autobus
2021-0067,1,2021,8,9,autopista,autopista 1 sur presidente arturo frondizi,1,-58.37910943,-34.62764718,moto,objeto fijo
2021-0068,1,2021,8,6,avenida,"beiro, francisco av.",11,-58.52161176,-34.61164474,moto,objeto fijo
2021-0069,1,2021,8,17,avenida,santa fe av.,14,-58.41354692,-34.58697680,peaton,auto
2021-0070,1,2021,8,8,avenida,"chilavert, martiniano, coronel",8,-58.43960781,-34.65470804,moto,de_carga
2021-0071,1,2021,8,16,calle,san luis,3,-58.40454610,-34.60003693,peaton,moto
2021-0072,1,2021,9,19,avenida,callao av.,2,-58.39303911,-34.59871111,peaton,auto
2021-0073,1,2021,9,12,avenida,del libertador av.,2,-58.39391034,-34.58405348,bicicleta,auto
2021-0074,1,2021,9,15,gral paz,"paz, gral. av.",12,-58.50073810,-34.54979510,moto,multiple
2021-0075,1,2021,9,14,calle,salta,1,-58.38281301,-34.62786038,peaton,de_carga
2021-0076,1,2021,10,6,avenida,"moreno, perito av.",7,-58.43980799,-34.65094083,moto,objeto fijo
2021-0077,1,2021,10,7,avenida,directorio av.,6,-58.44402387,-34.62933109,moto,de_carga
2021-0078,1,2021,10,6,avenida,independencia av.,6,-58.42779702,-34.62207347,moto,autobus
2021-0079,1,2021,10,3,calle,tucuman,3,-58.40944147,-34.60097942,peaton,auto
2021-0080,1,2021,10,16,avenida,arenales,1,-58.38277479,-34.59430160,moto,auto
2021-0081,1,2021,11,13,autopista,autopista 1 sur presidente arturo frondizi,4,-58.37627355,-34.63800916,moto,de_carga
2021-0082,1,2021,11,4,autopista,autopista 25 de mayo,3,-58.39591856,-34.62453459,moto,auto
2021-0083,1,2021,11,0,avenida,cabildo av.,13,-58.45829717,-34.56015762,moto,auto
2021-0084,1,2021,11,3,avenida,tapalque,9,-58.49142611,-34.64584795,auto,objeto fijo
2021-0085,1,2021,11,18,gral paz,"paz, gral. av.",12,-58.51271409,-34.57786555,moto,objeto fijo
2021-0086,1,2021,11,10,avenida,rivadavia av.,6,-58.44864864,-34.62352826,peaton,autobus
2021-0087,1,2021,11,11,calle,esmeralda,1,-58.37795815,-34.59167894,peaton,bicicleta
2021-0088,1,2021,12,15,calle,monroe,13,-58.45531707,-34.55555257,moto,auto
2021-0089,1,2021,12,1,avenida,gaona av.,11,-58.47633683,-34.62140594,moto,auto
2021-0090,1,2021,12,11,avenida,9 de julio av.,1,-58.38188582,-34.60256036,peaton,autobus
2021-0091,1,2021,12,23,calle,baigorria,10,-58.51989389,-34.62284918,moto,auto
2021-0092,1,2021,12,6,avenida,rivadavia av.,3,-58.40596860,-34.61011987,peaton,auto
2021-0093,1,2021,12,17,avenida,riestra av.,7,-58.43353773,-34.64561636,moto,auto
2021-0094,1,2021,12,1,autopista,"dellepiane, luis, tte. gral.",9,-58.46739825,-34.65117757,moto,auto
2021-0095,1,2021,12,0,avenida,gaona av.,11,-58.47293407,-34.61984745,moto,de_carga
2021-0096,1,2021,12,10,avenida,"peron, eva av.",9,-58.47066794,-34.65021673,auto,de_carga
2021-0097,1,2021,11,6,calle,padre carlos mujica,1,-58.37976155,-34.58679619,bicicleta,auto
